[
  {
    "id": "cashmere-ls-bp",
    "title": "Cashmere Long Sleeve",
    "imageUrl": "https://i.postimg.cc/8P6S9K7V/luxury_fabrics.jpg",
    "details": [
      "100% Italian Loro Piana Cashmere",
      "Hand-rolled breast pocket detailing",
      "Seamless ergonomic shoulder construction",
      "Natural horn buttons",
      "Tailored in Asaba headquarters"
    ],
    "price": 150000,
    "shortDescription": "Embrace the serene elegance of this piece, where ancient African craftsmanship meets modern refinement, inviting you to adorn yourself in timeless luxury."
  },
  {
    "id": "white-collar-native",
    "title": "White Collar Ash Native",
    "imageUrl": "https://i.postimg.cc/XvqMd2y3/vintage_couch.jpg",
    "details": [
      "Premium polished cotton blend",
      "Contemporary white collar contrast",
      "Hidden button placket",
      "Signature African geometric motifs",
      "Lightweight for tropical elegance"
    ],
    "price": 85000,
    "shortDescription": "A testament to the modern monarch, this ensemble balances the weight of heritage with the lightness of contemporary style, sculpted for absolute distinction."
  },
  {
    "id": "artisanal-legacy-suit",
    "title": "Artisanal Legacy Suite",
    "imageUrl": "https://images.unsplash.com/photo-1594932224828-b4b059b6f6f2?auto=format&fit=crop&q=80&w=1920",
    "details": [
      "Super 150s Australian Merino Wool",
      "Full canvas construction",
      "Functional surgeon cuffs",
      "Double vents for graceful movement",
      "Bespoke silk lining with Uli motifs"
    ],
    "price": 450000,
    "shortDescription": "The definitive rebellion in bespoke menswear. Sculpting silhouettes that command respect, where traditional royalty meets modern distinction."
  }
]
